<?xml version="1.0" encoding="UTF-8"?>
<!DOCTYPE hibernate-configuration PUBLIC  
          "-//Hibernate/Hibernate Configuration DTD 3.0//EN"  
          "http://hibernate.sourceforge.net/hibernate-configuration-3.0.dtd">  
  
<hibernate-configuration>  
   <session-factory>  
    
    <!-- Related to the connection START -->
<property name= "hibernate.dialect">org.hibernate.dialect.Oracle10gDialect</property>
<property name= "hibernate.connection.driver_class">oracle.jdbc.driver.OracleDriver</property>
<property name="hibernate.connection.url">jdbc:oracle:thin:@localhost:1522:xe</property>
<property name="hibernate.connection.username">system</property>
<property name="hibernate.connection.password">NTT123</property>
<!-- Related to the connection END -->    
    
    <!-- Hibernate Properties -->
    <property name="hibernate.show_sql">true</property>  
    <property name="hibernate.hbm2ddl.auto">update</property>  
    <!-- Properties End -->

	<!-- Mapping file -->
	<mapping resource="ProductMapping.xml"/>
    <mapping resource="CategoryMapping.xml"/>  
    
    </session-factory>  
  
</hibernate-configuration>  