<?xml version="1.0" encoding="UTF-8"?>
<!DOCTYPE hibernate-mapping PUBLIC  
 "-//Hibernate/Hibernate Mapping DTD 3.0//EN"  
 "http://hibernate.sourceforge.net/hibernate-mapping-3.0.dtd">    
          
<hibernate-mapping>

<class name="com.nttdata.Product">
<id name="ProdId"></id>
<property name="ProdName"></property>
<property name="ProdCost"></property>
<many-to-one name="ctgry" column="category" class="com.nttdata.Category" cascade="all"></many-to-one>

</class>
</hibernate-mapping>